image,class_id,area,risk
1003_jpg.rf.028d6d76fba92dd9e5dc59dc9d0f7293.jpg,2,0.024845314191057344,Medium
1003_jpg.rf.028d6d76fba92dd9e5dc59dc9d0f7293.jpg,2,0.017186351989204245,Medium
1012_jpg.rf.a9d8d27f5e1d382e0b93ff4a479f4519.jpg,2,0.014386860374613664,Medium
1012_jpg.rf.a9d8d27f5e1d382e0b93ff4a479f4519.jpg,2,0.01628697858529285,Medium
1018_jpg.rf.29ed2fb6754ca58ae27204ef24344650.jpg,2,0.023591818895795095,Medium
1018_jpg.rf.29ed2fb6754ca58ae27204ef24344650.jpg,2,0.02140058477186793,Medium
102_jpg.rf.e58e0fc30dfea3a7a410d7b901223f16.jpg,1,0.07259912024580276,High
102_jpg.rf.e58e0fc30dfea3a7a410d7b901223f16.jpg,1,0.07228450632407707,High
1033_jpg.rf.1b4c0f5bdf30ec0ba218874a3a737720.jpg,2,0.022732595527503046,Medium
1033_jpg.rf.1b4c0f5bdf30ec0ba218874a3a737720.jpg,2,0.018304553588132832,Medium
1037_jpg.rf.7c415f051556bbba83bc00f70fe54818.jpg,2,0.05974846662650593,High
1037_jpg.rf.7c415f051556bbba83bc00f70fe54818.jpg,2,0.05842810317110843,High
1041_jpg.rf.252e75e8f025b79f801db895122613d3.jpg,2,0.013643033154298963,Medium
1041_jpg.rf.252e75e8f025b79f801db895122613d3.jpg,2,0.011436114684497352,Low
1046_jpg.rf.26dd526422308d6d9e989d3308a9ee03.jpg,2,0.030448220101328943,High
1046_jpg.rf.26dd526422308d6d9e989d3308a9ee03.jpg,2,0.027888875953029246,Medium
104_jpg.rf.e74d25768eb80e77624670d6bc966b81.jpg,1,0.040048643418731086,High
104_jpg.rf.e74d25768eb80e77624670d6bc966b81.jpg,1,0.041432086359956946,High
1072_jpg.rf.e116d0d5edd77ef8dc6867dc9813b964.jpg,2,0.011915327612757045,Low
1072_jpg.rf.e116d0d5edd77ef8dc6867dc9813b964.jpg,2,0.009305856219722405,Low
1077_jpg.rf.db5d4838f58af179937c0d9bb7bceb82.jpg,2,0.015888796381031904,Medium
1077_jpg.rf.db5d4838f58af179937c0d9bb7bceb82.jpg,2,0.015460426024342975,Medium
1083_jpg.rf.daf08bfc8ac851e42c0459c9ce165323.jpg,2,0.01293483913553846,Medium
1083_jpg.rf.daf08bfc8ac851e42c0459c9ce165323.jpg,2,0.015571265872793344,Medium
1090_jpg.rf.49e77ec069279939ebd855ac1f14912c.jpg,2,0.041526529480669754,High
1090_jpg.rf.49e77ec069279939ebd855ac1f14912c.jpg,2,0.040945713841628956,High
1091_jpg.rf.5308c91865f1e3a19de6936a0d295339.jpg,2,0.03539865884853837,High
1091_jpg.rf.5308c91865f1e3a19de6936a0d295339.jpg,2,0.02502570453313358,Medium
10_jpg.rf.efaf1af26de11dabdda3214f4457c931.jpg,1,0.036213286382345264,High
10_jpg.rf.efaf1af26de11dabdda3214f4457c931.jpg,1,0.0340390460117843,High
1122_jpg.rf.e5b7d9dd059312db750f9a9574ab9cf2.jpg,2,0.02230503797682069,Medium
1122_jpg.rf.e5b7d9dd059312db750f9a9574ab9cf2.jpg,2,0.023648419023408647,Medium
1125_jpg.rf.82a5cbb71e2dc11bb6227afeaf7eada8.jpg,2,0.02374246273139056,Medium
1125_jpg.rf.82a5cbb71e2dc11bb6227afeaf7eada8.jpg,2,0.023738799606053285,Medium
1157_jpg.rf.034c9ffcd15fd9a89a3af651dabfeb67.jpg,2,0.02874664714963158,High
1157_jpg.rf.034c9ffcd15fd9a89a3af651dabfeb67.jpg,2,0.026757287187397633,Medium
1164_jpg.rf.2d69d2534cff1bce9e8f3a96de7e3195.jpg,2,0.05970386772014686,High
1164_jpg.rf.2d69d2534cff1bce9e8f3a96de7e3195.jpg,2,0.05873877522081866,High
1177_jpg.rf.ad059478ecfb84cd3daad08e6c40646f.jpg,2,0.02672817125104121,Medium
1177_jpg.rf.ad059478ecfb84cd3daad08e6c40646f.jpg,2,0.025208326787430093,Medium
1178_jpg.rf.05e49b5e0a7310cbbdecc37e48153491.jpg,2,0.026262182446311625,Medium
1178_jpg.rf.05e49b5e0a7310cbbdecc37e48153491.jpg,2,0.027570451931751123,Medium
1186_jpg.rf.b37c183c5d9541bde71a0f147073edcb.jpg,2,0.05343414792033256,High
1186_jpg.rf.b37c183c5d9541bde71a0f147073edcb.jpg,2,0.05436118938234628,High
1188_jpg.rf.ba278053ab4d8aed98dc19ce2aee4e5e.jpg,2,0.03305661231414573,High
1188_jpg.rf.ba278053ab4d8aed98dc19ce2aee4e5e.jpg,2,0.033210962628002785,High
1209_jpg.rf.5197fbf7b3d5d06ad469e24df07b3e4e.jpg,2,0.034032287578841684,High
1209_jpg.rf.5197fbf7b3d5d06ad469e24df07b3e4e.jpg,2,0.03391572035020341,High
125_jpg.rf.4967795739a86b7885115d2ba13c98cc.jpg,1,0.02116230478220855,Medium
125_jpg.rf.4967795739a86b7885115d2ba13c98cc.jpg,1,0.021402754264135695,Medium
1274_jpg.rf.791d7f528473a46e7cb8ef31b8a585cc.jpg,2,0.014731098157904696,Medium
1274_jpg.rf.791d7f528473a46e7cb8ef31b8a585cc.jpg,2,0.016318486625548856,Medium
1275_jpg.rf.099b1fbe3e7c996412b34c679330289d.jpg,2,0.013520849363727399,Medium
1275_jpg.rf.099b1fbe3e7c996412b34c679330289d.jpg,2,0.016097408040079156,Medium
1284_jpg.rf.a1575f88de4a845442dcd7ac7c7ff607.jpg,2,0.01208251351295404,Medium
1284_jpg.rf.a1575f88de4a845442dcd7ac7c7ff607.jpg,2,0.013690600388153045,Medium
1285_jpg.rf.d5f52bd729b738690f1a30c95bd34bb8.jpg,2,0.007753873781342114,Low
1285_jpg.rf.d5f52bd729b738690f1a30c95bd34bb8.jpg,2,0.008218951317131207,Low
130_jpg.rf.f26fbad203da20d0a9c229b7ecbea70d.jpg,1,0.05074769160488546,High
130_jpg.rf.f26fbad203da20d0a9c229b7ecbea70d.jpg,1,0.04586408122805061,High
1311_jpg.rf.3c072180d36416037748e0147ee0ad2a.jpg,2,0.028068956776128477,High
1311_jpg.rf.3c072180d36416037748e0147ee0ad2a.jpg,2,0.031501527959353536,High
1340_jpg.rf.42969e05e60cdacfba091ff9a0e709e0.jpg,2,0.013910257085305692,Medium
1340_jpg.rf.42969e05e60cdacfba091ff9a0e709e0.jpg,2,0.02146277324621712,Medium
1341_jpg.rf.30e1b2a6fab5123e075bee034679f782.jpg,2,0.024933153267690744,Medium
1341_jpg.rf.30e1b2a6fab5123e075bee034679f782.jpg,2,0.025826555624388597,Medium
1342_jpg.rf.d282167faddbd34230fe5dd2e536e7c5.jpg,2,0.033531011512329935,High
1342_jpg.rf.d282167faddbd34230fe5dd2e536e7c5.jpg,2,0.033683632670771915,High
1343_jpg.rf.dd4963fa0550386236d4b93228a3a68a.jpg,2,0.011000238653168966,Low
1343_jpg.rf.dd4963fa0550386236d4b93228a3a68a.jpg,2,0.010999842798979417,Low
1344_jpg.rf.6570648282314bc21a98981bce45470f.jpg,2,0.013840809204987474,Medium
1344_jpg.rf.6570648282314bc21a98981bce45470f.jpg,2,0.011071903343059773,Low
1345_jpg.rf.6255653d1564fe44df7c20bd902c511d.jpg,2,0.016995297237099555,Medium
1345_jpg.rf.6255653d1564fe44df7c20bd902c511d.jpg,2,0.018303755303154222,Medium
1366_jpg.rf.756efab321007f8f79a6b703b3459666.jpg,2,0.03217293323185331,High
1366_jpg.rf.756efab321007f8f79a6b703b3459666.jpg,2,0.030277754239474472,High
1375_jpg.rf.5eb2ef2766a902b1d7bd104962179133.jpg,2,0.01693246675082897,Medium
1375_jpg.rf.5eb2ef2766a902b1d7bd104962179133.jpg,2,0.01804994060821347,Medium
1396_jpg.rf.d60b91690a7b887309eda8226986764f.jpg,2,0.024810128506818865,Medium
1396_jpg.rf.d60b91690a7b887309eda8226986764f.jpg,2,0.02770727270722111,Medium
1432_jpg.rf.4421cea6f83014485c4b6bf5aafdbd86.jpg,2,0.009186134028901345,Low
1432_jpg.rf.4421cea6f83014485c4b6bf5aafdbd86.jpg,2,0.00983051569298006,Low
1448_jpg.rf.ebbe903a8899de9dc1ba86746832d6b9.jpg,2,0.015621290656443413,Medium
1448_jpg.rf.ebbe903a8899de9dc1ba86746832d6b9.jpg,2,0.0176605415970313,Medium
1472_jpg.rf.da7f6b7f46ef5201e48e90352e01f091.jpg,2,0.006443206464810211,Low
1472_jpg.rf.da7f6b7f46ef5201e48e90352e01f091.jpg,2,0.007104138865751427,Low
1486_jpg.rf.26fcb96c6107adc6407aefd932df5c9a.jpg,2,0.019553823684112397,Medium
1486_jpg.rf.26fcb96c6107adc6407aefd932df5c9a.jpg,2,0.021121879089299897,Medium
149_jpg.rf.9bb4fe987674ac37bfa59046107461b2.jpg,1,0.12062220493417013,High
149_jpg.rf.9bb4fe987674ac37bfa59046107461b2.jpg,1,0.12410475853992457,High
1502_jpg.rf.545511fbefa8e14cdb8602a8bb4e59df.jpg,2,0.05068301653876211,High
1502_jpg.rf.545511fbefa8e14cdb8602a8bb4e59df.jpg,2,0.0512220507752402,High
1503_jpg.rf.afdac19b2e1b747a03fe761bfbab2460.jpg,2,0.049616260129043084,High
1503_jpg.rf.afdac19b2e1b747a03fe761bfbab2460.jpg,2,0.046094678710653814,High
1511_jpg.rf.f149f5d409cca5df3f6c90f716e81244.jpg,2,0.016940565995797276,Medium
1511_jpg.rf.f149f5d409cca5df3f6c90f716e81244.jpg,2,0.011745532136914082,Low
152_jpg.rf.35dd89fd16486f808549e0bcf0d73ef7.jpg,1,0.04206326380149479,High
152_jpg.rf.35dd89fd16486f808549e0bcf0d73ef7.jpg,1,0.04101986741571778,High
1538_jpg.rf.ca397a75212020ed5e7bccf80c961bdc.jpg,2,0.0727309955641275,High
1538_jpg.rf.ca397a75212020ed5e7bccf80c961bdc.jpg,2,0.030647124150910504,High
1538_jpg.rf.ca397a75212020ed5e7bccf80c961bdc.jpg,2,0.06818088891407864,High
1538_jpg.rf.ca397a75212020ed5e7bccf80c961bdc.jpg,2,0.03261330979252119,High
1564_jpg.rf.c1e0dd340ba5960fc13e374a8ef4b7d5.jpg,2,0.006025949695977609,Low
1564_jpg.rf.c1e0dd340ba5960fc13e374a8ef4b7d5.jpg,2,0.009766101814137854,Low
1574_jpg.rf.83351ec0ad0f1f757b237e6c5e02ba68.jpg,2,0.017822044454668326,Medium
1574_jpg.rf.83351ec0ad0f1f757b237e6c5e02ba68.jpg,2,0.01494147977011144,Medium
1583_jpg.rf.ea41474e5ffc139718847dffa4d8c2ee.jpg,2,0.034189315859802914,High
1583_jpg.rf.ea41474e5ffc139718847dffa4d8c2ee.jpg,2,0.03690207676362174,High
1587_jpg.rf.4e84e06636473a2dc2b2ee1614b30c25.jpg,2,0.050974123662061055,High
1587_jpg.rf.4e84e06636473a2dc2b2ee1614b30c25.jpg,2,0.05107464697761309,High
160_jpg.rf.f96cc2737510a6bd2accd1f972ab4af2.jpg,1,0.024831095941972435,Medium
160_jpg.rf.f96cc2737510a6bd2accd1f972ab4af2.jpg,1,0.02422935574712126,Medium
1613_jpg.rf.5c882491aaca86b0516aa62579385aaa.jpg,2,0.026244442684710215,Medium
1613_jpg.rf.5c882491aaca86b0516aa62579385aaa.jpg,2,0.02368459771309023,Medium
1616_jpg.rf.183ca40290650cf04b3d0f19a5731488.jpg,2,0.005848228315729569,Low
1616_jpg.rf.183ca40290650cf04b3d0f19a5731488.jpg,2,0.002546668846926192,Low
1629_jpg.rf.d5cb6536907fd787343060675defad02.jpg,2,0.02304968239376253,Medium
1629_jpg.rf.d5cb6536907fd787343060675defad02.jpg,2,0.025209529070096846,Medium
1631_jpg.rf.2f34893d5640e157f6a4becfdb2e23e8.jpg,2,0.03676669477103188,High
1631_jpg.rf.2f34893d5640e157f6a4becfdb2e23e8.jpg,2,0.036537630024823235,High
1632_jpg.rf.f1d13306a7996d02e67c3cfcac23fc53.jpg,2,0.029837669666454063,High
1632_jpg.rf.f1d13306a7996d02e67c3cfcac23fc53.jpg,2,0.028434535325625225,High
1639_jpg.rf.3a4ebd302c2c312f045ac91437f74810.jpg,2,0.03965069687256131,High
1639_jpg.rf.3a4ebd302c2c312f045ac91437f74810.jpg,2,0.03720761577823421,High
1641_jpg.rf.c12f8171a7788b077463d75151a660bc.jpg,2,0.02138541902345528,Medium
1641_jpg.rf.c12f8171a7788b077463d75151a660bc.jpg,2,0.02007209111437694,Medium
1650_jpg.rf.f58d91da8f7153f5ec2ba7ecf27a4572.jpg,2,0.016346268476275853,Medium
1650_jpg.rf.f58d91da8f7153f5ec2ba7ecf27a4572.jpg,2,0.015376427211280824,Medium
1652_jpg.rf.39e9640006db48d51fc7d613ee2e8b1d.jpg,2,0.005655863723333655,Low
1652_jpg.rf.39e9640006db48d51fc7d613ee2e8b1d.jpg,2,0.0048700662687240544,Low
1663_jpg.rf.74ab6a97a0791b989d02dfa900eb4188.jpg,2,0.009032034471767878,Low
1663_jpg.rf.74ab6a97a0791b989d02dfa900eb4188.jpg,2,0.01367350488111576,Medium
1672_jpg.rf.69e40db584ad1c79aa6a5c46e6f3a5d9.jpg,2,0.0066789158053625446,Low
1672_jpg.rf.69e40db584ad1c79aa6a5c46e6f3a5d9.jpg,2,0.007940276762770477,Low
1681_jpg.rf.f1be96380961b6e977776a9d73c8f01d.jpg,2,0.04039006645433363,High
1681_jpg.rf.f1be96380961b6e977776a9d73c8f01d.jpg,2,0.04051462824028321,High
1693_jpg.rf.e7ae5548c3ead44346a660bd91830004.jpg,2,0.018963718512749334,Medium
1693_jpg.rf.e7ae5548c3ead44346a660bd91830004.jpg,2,0.01822390203382088,Medium
1695_jpg.rf.b78bac3897bf7ab99f9936821021d56f.jpg,2,0.025089144873760728,Medium
1695_jpg.rf.b78bac3897bf7ab99f9936821021d56f.jpg,2,0.025968799250212286,Medium
170_jpg.rf.253ccc367852a533eef6426087de906e.jpg,1,0.08858325832896184,High
170_jpg.rf.253ccc367852a533eef6426087de906e.jpg,1,0.09053658554329208,High
1710_jpg.rf.36fe9d822cf5079600022f12aa2d0f3a.jpg,2,0.04470148950866731,High
1710_jpg.rf.36fe9d822cf5079600022f12aa2d0f3a.jpg,2,0.04602810651087895,High
1711_jpg.rf.5bad8da03f48c2219fef9ad14e226dd4.jpg,2,0.012905326277748121,Medium
1711_jpg.rf.5bad8da03f48c2219fef9ad14e226dd4.jpg,2,0.04428239890316235,High
1711_jpg.rf.5bad8da03f48c2219fef9ad14e226dd4.jpg,2,0.016046719153246,Medium
1711_jpg.rf.5bad8da03f48c2219fef9ad14e226dd4.jpg,2,0.04533217553033046,High
171_jpg.rf.93acd56beb32156ecb4cf8b77fcc98fb.jpg,1,0.11125948808968679,High
171_jpg.rf.93acd56beb32156ecb4cf8b77fcc98fb.jpg,1,0.10796429740668434,High
1726_jpg.rf.2d635f72cc8182d2bceba7d9daf9d970.jpg,2,0.11046905793484786,High
1726_jpg.rf.2d635f72cc8182d2bceba7d9daf9d970.jpg,2,0.1129536859664444,High
1759_jpg.rf.91b3c955883a4678cbd33018e29c6c7d.jpg,2,0.011583412787353066,Low
1759_jpg.rf.91b3c955883a4678cbd33018e29c6c7d.jpg,2,0.008508899943180803,Low
1764_jpg.rf.84eba4eb8f41b13c10ae320dc7b16dcc.jpg,2,0.00840478400244851,Low
1764_jpg.rf.84eba4eb8f41b13c10ae320dc7b16dcc.jpg,2,0.010163766875445554,Low
1775_jpg.rf.f544f793a4372dd3f07f4213b9abfc8b.jpg,2,0.03890695370876235,High
1775_jpg.rf.f544f793a4372dd3f07f4213b9abfc8b.jpg,2,0.025324230610881755,Medium
1775_jpg.rf.f544f793a4372dd3f07f4213b9abfc8b.jpg,2,0.03953329923317934,High
1775_jpg.rf.f544f793a4372dd3f07f4213b9abfc8b.jpg,2,0.028979753884779125,High
1779_jpg.rf.bee72974d8b5297aab3f9aefa61e78a9.jpg,2,0.028845489910208695,High
1779_jpg.rf.bee72974d8b5297aab3f9aefa61e78a9.jpg,2,0.02877675490350697,High
1822_jpg.rf.a399a7dceb6e21db070cd5d7fcdde5b9.jpg,2,0.02850152491972141,High
1822_jpg.rf.a399a7dceb6e21db070cd5d7fcdde5b9.jpg,2,0.026955696766042134,Medium
1826_jpg.rf.6eb76a92173459de8f9beecbeb067d9d.jpg,2,0.07180185693521725,High
1826_jpg.rf.6eb76a92173459de8f9beecbeb067d9d.jpg,2,0.07143327452426082,High
1831_jpg.rf.09c1dbd0f860a101a87217f173264c44.jpg,2,0.034130429303965024,High
1831_jpg.rf.09c1dbd0f860a101a87217f173264c44.jpg,2,0.03196112943138198,High
1845_jpg.rf.0f696dec899f9e3d0ee3cccaf1880c99.jpg,0,0.02991738839658935,High
1845_jpg.rf.0f696dec899f9e3d0ee3cccaf1880c99.jpg,0,0.026615513415920215,Medium
1860_jpg.rf.77431e9d672de1e9c9201f9e6ec73e77.jpg,0,0.11448776974632231,High
1860_jpg.rf.77431e9d672de1e9c9201f9e6ec73e77.jpg,0,0.07651454000546642,High
1860_jpg.rf.77431e9d672de1e9c9201f9e6ec73e77.jpg,0,0.11145693778775584,High
1860_jpg.rf.77431e9d672de1e9c9201f9e6ec73e77.jpg,0,0.07480832254355427,High
1864_jpg.rf.acb2bda42df505957e9b381fed5d8a6b.jpg,0,0.06494761216443617,High
1864_jpg.rf.acb2bda42df505957e9b381fed5d8a6b.jpg,0,0.06147145032550468,High
1867_jpg.rf.6463f5e7fc2480ed5a7a55d68f58c533.jpg,0,0.11105027576863323,High
1867_jpg.rf.6463f5e7fc2480ed5a7a55d68f58c533.jpg,0,0.10914264991616422,High
1884_jpg.rf.e4fe0c8cb99a3aeeed39ea7cec0b0948.jpg,0,0.0287982792658086,High
1884_jpg.rf.e4fe0c8cb99a3aeeed39ea7cec0b0948.jpg,0,0.02480158051552995,Medium
1905_jpg.rf.4653fcbe04257e803ef570236faedf2b.jpg,0,0.08996024198032143,High
1905_jpg.rf.4653fcbe04257e803ef570236faedf2b.jpg,0,0.08782253731817859,High
192_jpg.rf.8b107bb6b8fc883d1a0ae0cf4a5a330e.jpg,1,0.05061676506572724,High
192_jpg.rf.8b107bb6b8fc883d1a0ae0cf4a5a330e.jpg,1,0.04841505133904059,High
194_jpg.rf.1a52d6a31349b58286f0e950dc131288.jpg,1,0.11706850132291975,High
194_jpg.rf.1a52d6a31349b58286f0e950dc131288.jpg,1,0.11644278021155124,High
1950_jpg.rf.cba6ad0049301dfc47409eafd92b8014.jpg,0,0.011903989234328068,Low
1950_jpg.rf.cba6ad0049301dfc47409eafd92b8014.jpg,0,0.010794234108841415,Low
1951_jpg.rf.eb08d051c58cf70408f3def1b2f274de.jpg,0,0.028675136855603987,High
1951_jpg.rf.eb08d051c58cf70408f3def1b2f274de.jpg,0,0.028621610055230277,High
1975_jpg.rf.10c3b09915a13b0be5178a9738485a6e.jpg,0,0.008999350638720139,Low
1975_jpg.rf.10c3b09915a13b0be5178a9738485a6e.jpg,0,0.0068815089459338345,Low
1999_jpg.rf.2b6f52703a64ead20b91dea96eef0178.jpg,0,0.036458477881562985,High
1999_jpg.rf.2b6f52703a64ead20b91dea96eef0178.jpg,0,0.037615643382450596,High
2009_jpg.rf.bc09ea2f70c2daed3f2fe5f785bd1a58.jpg,0,0.06808894823897799,High
2009_jpg.rf.bc09ea2f70c2daed3f2fe5f785bd1a58.jpg,0,0.07211380430388084,High
2032_jpg.rf.7ff78b48dc4e5d376e7fc8249b7e59f5.jpg,0,0.014207466918034461,Medium
2032_jpg.rf.7ff78b48dc4e5d376e7fc8249b7e59f5.jpg,0,0.01875043768622936,Medium
2033_jpg.rf.a8066ff978dec1e789ccfd53e2f32b95.jpg,0,0.034470953377489975,High
2033_jpg.rf.a8066ff978dec1e789ccfd53e2f32b95.jpg,0,0.035276419671668356,High
2037_jpg.rf.4cc13f9ee6bf6b992c3e09547c9557a4.jpg,0,0.03998646002813316,High
2037_jpg.rf.4cc13f9ee6bf6b992c3e09547c9557a4.jpg,0,0.033241683744233315,High
2038_jpg.rf.e5ee2a9c1800acaa17419a51e78615c3.jpg,0,0.01940618944720533,Medium
2038_jpg.rf.e5ee2a9c1800acaa17419a51e78615c3.jpg,0,0.020612219559371654,Medium
2045_jpg.rf.6c1658b7de16f85a947d98a760866842.jpg,0,0.04465302407186519,High
2045_jpg.rf.6c1658b7de16f85a947d98a760866842.jpg,0,0.04595840236241147,High
2054_jpg.rf.f8fc31417ac7299e05ecd3da246915b8.jpg,0,0.08193103569063545,High
2054_jpg.rf.f8fc31417ac7299e05ecd3da246915b8.jpg,0,0.08059936330906539,High
2066_jpg.rf.52e2f56bc5f3ddd77a2af99fb985ab0f.jpg,0,0.029365621472904058,High
2066_jpg.rf.52e2f56bc5f3ddd77a2af99fb985ab0f.jpg,0,0.053080320042244555,High
2066_jpg.rf.52e2f56bc5f3ddd77a2af99fb985ab0f.jpg,0,0.02751718589348755,Medium
2066_jpg.rf.52e2f56bc5f3ddd77a2af99fb985ab0f.jpg,0,0.054018101988782936,High
206_jpg.rf.00000c4649b91d940751d98d36cc3d17.jpg,1,0.09673758858153203,High
206_jpg.rf.00000c4649b91d940751d98d36cc3d17.jpg,1,0.09530410043472062,High
2070_jpg.rf.f6703ffa58066e5a7dd9d6e00ab5cd13.jpg,0,0.049958624965511685,High
2070_jpg.rf.f6703ffa58066e5a7dd9d6e00ab5cd13.jpg,0,0.053359977934450395,High
2079_jpg.rf.8dff473ffb745cb673bf5faef95736b4.jpg,0,0.03788936294779663,High
2079_jpg.rf.8dff473ffb745cb673bf5faef95736b4.jpg,0,0.036971110252846835,High
2100_jpg.rf.2910fd99c8bdd49d25d56f4c9f97068b.jpg,1,0.008434995402260451,Low
2100_jpg.rf.2910fd99c8bdd49d25d56f4c9f97068b.jpg,1,0.007374687382446004,Low
2115_jpg.rf.6c0e37ceb10f6b65e87b6abd65199ec4.jpg,0,0.04974775521266554,High
2115_jpg.rf.6c0e37ceb10f6b65e87b6abd65199ec4.jpg,0,0.04976930422363732,High
2129_jpg.rf.7a7282026236ced3f8b4f8b767c3739c.jpg,0,0.08532682308814322,High
2129_jpg.rf.7a7282026236ced3f8b4f8b767c3739c.jpg,0,0.08460724349043394,High
2153_jpg.rf.b7046b5b3aa144bdd718c4a60e16ba6c.jpg,0,0.011741725043986784,Low
2153_jpg.rf.b7046b5b3aa144bdd718c4a60e16ba6c.jpg,0,0.009460144782306315,Low
217_jpg.rf.1d89c6be1dd4e97ea32ee8ba39726df9.jpg,1,0.013048683145058365,Medium
217_jpg.rf.1d89c6be1dd4e97ea32ee8ba39726df9.jpg,1,0.014158220698522787,Medium
2180_jpg.rf.b9da2d59f3afe7d75785c533f24cd5f4.jpg,0,0.004615188253373144,Low
2180_jpg.rf.b9da2d59f3afe7d75785c533f24cd5f4.jpg,0,0.07037113897783363,High
2180_jpg.rf.b9da2d59f3afe7d75785c533f24cd5f4.jpg,0,0.005681164610817085,Low
2180_jpg.rf.b9da2d59f3afe7d75785c533f24cd5f4.jpg,0,0.07354236689684969,High
2200_jpg.rf.7be896ca079a8b8801845a14b8f9b2b5.jpg,0,0.09708746769592189,High
2200_jpg.rf.7be896ca079a8b8801845a14b8f9b2b5.jpg,0,0.09942334972702196,High
2209_jpg.rf.4b6f922c1a9e4553086aebbb6abb563a.jpg,0,0.09272294404339056,High
2209_jpg.rf.4b6f922c1a9e4553086aebbb6abb563a.jpg,0,0.0908880837836219,High
2225_jpg.rf.8a8cb1c9d8d9fd7b97540e0bc6b5bbc5.jpg,0,0.025047370369955836,Medium
2225_jpg.rf.8a8cb1c9d8d9fd7b97540e0bc6b5bbc5.jpg,0,0.0271024629334012,Medium
2227_jpg.rf.1eec53cb0f5ebb1728defbf2778e9e71.jpg,0,0.03935911919572447,High
2227_jpg.rf.1eec53cb0f5ebb1728defbf2778e9e71.jpg,0,0.04277240688688343,High
2231_jpg.rf.3896d9a386f787ad08f5afc80b480603.jpg,0,0.044293058004142224,High
2231_jpg.rf.3896d9a386f787ad08f5afc80b480603.jpg,0,0.044444101305685844,High
2232_jpg.rf.3399096c7c503b05689be5799e8388c4.jpg,0,0.065173720059559,High
2232_jpg.rf.3399096c7c503b05689be5799e8388c4.jpg,0,0.06306841992409282,High
2242_jpg.rf.2a39144f4a2f0c1e6b3af1631549f60d.jpg,0,0.0974080644311568,High
2242_jpg.rf.2a39144f4a2f0c1e6b3af1631549f60d.jpg,0,0.07160837827640477,High
2242_jpg.rf.2a39144f4a2f0c1e6b3af1631549f60d.jpg,0,0.09899592219258929,High
2242_jpg.rf.2a39144f4a2f0c1e6b3af1631549f60d.jpg,0,0.06898747588754688,High
2248_jpg.rf.cc0db07933d5628780bff3e982916b53.jpg,0,0.024080980809303418,Medium
2248_jpg.rf.cc0db07933d5628780bff3e982916b53.jpg,0,0.023975451191445146,Medium
2259_jpg.rf.1ce4c8e7150fd3b47c4d5e6bd7ceefdc.jpg,0,0.028135190658493646,High
2259_jpg.rf.1ce4c8e7150fd3b47c4d5e6bd7ceefdc.jpg,0,0.028914219069066827,High
2263_jpg.rf.eb9ce4936b5e65e467c9356616990757.jpg,0,0.06755946154293693,High
2263_jpg.rf.eb9ce4936b5e65e467c9356616990757.jpg,0,0.0671252516625592,High
2264_jpg.rf.d50d7d89f4fc9a5c6c0e88b4c85ef5bf.jpg,0,0.08180965359927346,High
2264_jpg.rf.d50d7d89f4fc9a5c6c0e88b4c85ef5bf.jpg,0,0.08008430569950624,High
2276_jpg.rf.d62901fd37c3ee87da51b2c7aa3f0bcc.jpg,0,0.018699548835775015,Medium
2276_jpg.rf.d62901fd37c3ee87da51b2c7aa3f0bcc.jpg,0,0.016588515173572013,Medium
2297_jpg.rf.ee0c9d2ee893bc79156cf301e66abae7.jpg,0,0.11905485781233217,High
2297_jpg.rf.ee0c9d2ee893bc79156cf301e66abae7.jpg,0,0.11689244376508168,High
2312_jpg.rf.238be38efcae3858b374942125ac8844.jpg,0,0.05723086348012803,High
2312_jpg.rf.238be38efcae3858b374942125ac8844.jpg,0,0.0570323243636122,High
2315_jpg.rf.758f1c8518253384cef29b43b6530b6a.jpg,0,0.04887008033588564,High
2315_jpg.rf.758f1c8518253384cef29b43b6530b6a.jpg,0,0.04674147910292397,High
2321_jpg.rf.bbebb683ebe5646503158844f551ecdc.jpg,0,0.012345845600443665,Medium
2321_jpg.rf.bbebb683ebe5646503158844f551ecdc.jpg,0,0.012401345132668839,Medium
2338_jpg.rf.10d54e8101f0da558b08fad29666875a.jpg,0,0.05839921777125811,High
2338_jpg.rf.10d54e8101f0da558b08fad29666875a.jpg,0,0.05924349079854188,High
233_jpg.rf.f8e76a85f9415a5bb5b8bd9f6cd8c5be.jpg,1,0.0674927375540248,High
233_jpg.rf.f8e76a85f9415a5bb5b8bd9f6cd8c5be.jpg,1,0.06891580809657695,High
2340_jpg.rf.4f747b6f6011a0af0813efd1830dfab3.jpg,0,0.04368327056517061,High
2340_jpg.rf.4f747b6f6011a0af0813efd1830dfab3.jpg,0,0.046637240640010895,High
2347_jpg.rf.3a9d113da7e0bcd3ea58a80a19254a1a.jpg,0,0.09357213841686605,High
2347_jpg.rf.3a9d113da7e0bcd3ea58a80a19254a1a.jpg,0,0.09363079802219594,High
234_jpg.rf.19fbc092be70165d474d671de82d77a2.jpg,1,0.06927848506753559,High
234_jpg.rf.19fbc092be70165d474d671de82d77a2.jpg,1,0.068707792634509,High
2350_jpg.rf.97c970c1eaa99150a5ff681da63013ea.jpg,0,0.01772844563242296,Medium
2350_jpg.rf.97c970c1eaa99150a5ff681da63013ea.jpg,0,0.008159298705236469,Low
2350_jpg.rf.97c970c1eaa99150a5ff681da63013ea.jpg,0,0.015988375568233754,Medium
2350_jpg.rf.97c970c1eaa99150a5ff681da63013ea.jpg,0,0.005421901051340066,Low
2354_jpg.rf.f8ae873ab57d03d0887a7c6856f4f8fa.jpg,0,0.12777348193123975,High
2354_jpg.rf.f8ae873ab57d03d0887a7c6856f4f8fa.jpg,0,0.13332367966311448,High
2386_jpg.rf.ac4ea45cecd745925c818a3a7140b4e9.jpg,0,0.07500483310548087,High
2386_jpg.rf.ac4ea45cecd745925c818a3a7140b4e9.jpg,0,0.07357127708985503,High
238_jpg.rf.65430d94abbce87d2b08f7ea39476912.jpg,1,0.020170777489544697,Medium
238_jpg.rf.65430d94abbce87d2b08f7ea39476912.jpg,1,0.019329584363193004,Medium
2422_jpg.rf.e6f2adf3e3de342608dfcb8c63f7e201.jpg,0,0.11602375488315707,High
2422_jpg.rf.e6f2adf3e3de342608dfcb8c63f7e201.jpg,0,0.11645190791647002,High
2438_jpg.rf.566a3aa2f80ba84d4cdd9594181028cc.jpg,0,0.09659391919952671,High
2438_jpg.rf.566a3aa2f80ba84d4cdd9594181028cc.jpg,0,0.09380863952667338,High
2444_jpg.rf.5b8b6af3bccdffe3383b550b7121440d.jpg,0,0.02388550999577086,Medium
2444_jpg.rf.5b8b6af3bccdffe3383b550b7121440d.jpg,0,0.05678372805599665,High
2444_jpg.rf.5b8b6af3bccdffe3383b550b7121440d.jpg,0,0.025544936886943648,Medium
2444_jpg.rf.5b8b6af3bccdffe3383b550b7121440d.jpg,0,0.05764289138828887,High
2456_jpg.rf.82096230c8b6753f719385416ac75f3d.jpg,0,0.14262766619258707,High
2456_jpg.rf.82096230c8b6753f719385416ac75f3d.jpg,0,0.14181646688138944,High
2481_jpg.rf.609335209d6ed374fe490873a5517795.jpg,0,0.03282395100442442,High
2481_jpg.rf.609335209d6ed374fe490873a5517795.jpg,0,0.036214591754254934,High
2484_jpg.rf.846d2c597e294828e5dea173e96e0459.jpg,0,0.050076151086051346,High
2484_jpg.rf.846d2c597e294828e5dea173e96e0459.jpg,0,0.05489841199917106,High
2488_jpg.rf.548bbaa4ca83edc355bedb85aafef322.jpg,0,0.06309043632642501,High
2488_jpg.rf.548bbaa4ca83edc355bedb85aafef322.jpg,0,0.06517111491840497,High
2501_jpg.rf.a330a38d228e8f5fcfe756a0a0ce5734.jpg,0,0.05894928034723132,High
2501_jpg.rf.a330a38d228e8f5fcfe756a0a0ce5734.jpg,0,0.057964026245914256,High
2536_jpg.rf.cb649840c4ee9344bd6c0177deb0fd40.jpg,0,0.055728719296694276,High
2536_jpg.rf.cb649840c4ee9344bd6c0177deb0fd40.jpg,0,0.05599925040290658,High
2548_jpg.rf.ac53adca8ccdd9528c674565e3fc089f.jpg,0,0.051312704219740136,High
2548_jpg.rf.ac53adca8ccdd9528c674565e3fc089f.jpg,0,0.057398830529575395,High
2556_jpg.rf.fbf7395ccd18ac6fdf8b87a099323fda.jpg,0,0.08319537534195286,High
2556_jpg.rf.fbf7395ccd18ac6fdf8b87a099323fda.jpg,0,0.08294302231563926,High
2563_jpg.rf.894a15258c4836a6ab1c3b8c1816e8e3.jpg,0,0.11434482761284016,High
2563_jpg.rf.894a15258c4836a6ab1c3b8c1816e8e3.jpg,0,0.11314441305957766,High
2583_jpg.rf.bced2defac9914a8ade0d3b18ca74cf0.jpg,0,0.06966434899561957,High
2583_jpg.rf.bced2defac9914a8ade0d3b18ca74cf0.jpg,0,0.06514479268895479,High
2584_jpg.rf.0ae276b8bfe9f7e3ef6b74934166bf29.jpg,0,0.027218808863127733,Medium
2584_jpg.rf.0ae276b8bfe9f7e3ef6b74934166bf29.jpg,0,0.024483479043927562,Medium
2634_jpg.rf.a0ea6d8e56c596bd56c55cfa306f4072.jpg,0,0.04908692147968671,High
2634_jpg.rf.a0ea6d8e56c596bd56c55cfa306f4072.jpg,0,0.04990757779849687,High
2656_jpg.rf.7c0322f566dd09818ab099bb18f48552.jpg,0,0.02085140200459196,Medium
2656_jpg.rf.7c0322f566dd09818ab099bb18f48552.jpg,0,0.021817077448530005,Medium
2657_jpg.rf.3682b4bc734fbc4ace8d831043c87fe9.jpg,0,0.11906744300730021,High
2657_jpg.rf.3682b4bc734fbc4ace8d831043c87fe9.jpg,0,0.11979398956980761,High
2728_jpg.rf.b04df2c64856f68a0cf4c075ff0539e5.jpg,0,0.11500534877796473,High
2728_jpg.rf.b04df2c64856f68a0cf4c075ff0539e5.jpg,0,0.111894963684837,High
2730_jpg.rf.309f7c1c9025eab338904a87db63c603.jpg,0,0.06233374156796255,High
2730_jpg.rf.309f7c1c9025eab338904a87db63c603.jpg,0,0.06367652929280129,High
2754_jpg.rf.d2145cab8b8cb80c87bb41290ab5e4a9.jpg,0,0.014959236041365625,Medium
2754_jpg.rf.d2145cab8b8cb80c87bb41290ab5e4a9.jpg,0,0.01405070283057917,Medium
2755_jpg.rf.965ec3490920a37fd46dcca12f160f1c.jpg,0,0.010426246219353117,Low
2755_jpg.rf.965ec3490920a37fd46dcca12f160f1c.jpg,0,0.012093392530928166,Medium
2769_jpg.rf.e730f6c0a9287adb99054a477e9d462e.jpg,0,0.009079992021962021,Low
2769_jpg.rf.e730f6c0a9287adb99054a477e9d462e.jpg,0,0.011403261862353357,Low
2776_jpg.rf.0f23e983c7385f8880f2ec1e8ae7eb76.jpg,0,0.0559977572419553,High
2776_jpg.rf.0f23e983c7385f8880f2ec1e8ae7eb76.jpg,0,0.055820061265182956,High
2781_jpg.rf.175843f75a531e87b7bd8bb7eed737f8.jpg,0,0.04596960836274806,High
2781_jpg.rf.175843f75a531e87b7bd8bb7eed737f8.jpg,0,0.04347801404855348,High
2788_jpg.rf.aaaba360c40e6083a4dd2eb0e79088e2.jpg,0,0.038357120569010014,High
2788_jpg.rf.aaaba360c40e6083a4dd2eb0e79088e2.jpg,0,0.03687451443642747,High
2810_jpg.rf.0457632175030eefa6ce39affb1357ae.jpg,0,0.04179009807875779,High
2810_jpg.rf.0457632175030eefa6ce39affb1357ae.jpg,0,0.04341992895854366,High
2811_jpg.rf.b3d29d806414da3850045e1dada19247.jpg,0,0.041670220039618844,High
2811_jpg.rf.b3d29d806414da3850045e1dada19247.jpg,0,0.04511398303530785,High
2812_jpg.rf.f4ebd1fa63f34d83a5d871791ff1b200.jpg,0,0.07465412548662041,High
2812_jpg.rf.f4ebd1fa63f34d83a5d871791ff1b200.jpg,0,0.07587583498712142,High
2815_jpg.rf.81624e0074c19dd034b6ef6e5ffe98cd.jpg,0,0.1483228991453643,High
2815_jpg.rf.81624e0074c19dd034b6ef6e5ffe98cd.jpg,0,0.14938865978259222,High
2816_jpg.rf.f9a1ed0b6cabef59cda0d34705612195.jpg,0,0.012735770867216197,Medium
2816_jpg.rf.f9a1ed0b6cabef59cda0d34705612195.jpg,0,0.08099009884204413,High
2816_jpg.rf.f9a1ed0b6cabef59cda0d34705612195.jpg,0,0.01004517137361464,Low
2816_jpg.rf.f9a1ed0b6cabef59cda0d34705612195.jpg,0,0.080441082184197,High
281_jpg.rf.a21bc0f6896e0d182d7a858f4ab7e4ae.jpg,1,0.010952034600657273,Low
281_jpg.rf.a21bc0f6896e0d182d7a858f4ab7e4ae.jpg,1,0.013384409574203004,Medium
2821_jpg.rf.af3a466c75bd89deb03e482ae65b22dc.jpg,0,0.11610764865666584,High
2821_jpg.rf.af3a466c75bd89deb03e482ae65b22dc.jpg,0,0.1147819823485608,High
2835_jpg.rf.870b5373177d8ec7deab1117500aeda8.jpg,0,0.022818146006148496,Medium
2835_jpg.rf.870b5373177d8ec7deab1117500aeda8.jpg,0,0.01909058764579382,Medium
2841_jpg.rf.549f29996aa6d61bbfccb194bcaaaba4.jpg,0,0.11141616659019131,High
2841_jpg.rf.549f29996aa6d61bbfccb194bcaaaba4.jpg,0,0.07815145873292015,High
2841_jpg.rf.549f29996aa6d61bbfccb194bcaaaba4.jpg,0,0.11012687185573677,High
2841_jpg.rf.549f29996aa6d61bbfccb194bcaaaba4.jpg,0,0.07731822971541193,High
2853_jpg.rf.4ecdc10983675bfa19f91e37e5e3beaf.jpg,0,0.036800545231905415,High
2853_jpg.rf.4ecdc10983675bfa19f91e37e5e3beaf.jpg,0,0.03821982736859605,High
2868_jpg.rf.52075c63e7df642f333876ba41e487e6.jpg,0,0.1385356745686961,High
2868_jpg.rf.52075c63e7df642f333876ba41e487e6.jpg,0,0.14024893803366398,High
2872_jpg.rf.dd344fb6aad754495708b68abc4290a0.jpg,0,0.032217571334708095,High
2872_jpg.rf.dd344fb6aad754495708b68abc4290a0.jpg,0,0.03266308926042253,High
2876_jpg.rf.d2b1fd2368dfd0f21f5c5ab288311247.jpg,0,0.08834662605026097,High
2876_jpg.rf.d2b1fd2368dfd0f21f5c5ab288311247.jpg,0,0.09256140875349385,High
2881_jpg.rf.ceb1c9a3e08931040b2a321b70ba03fb.jpg,0,0.09529322128058401,High
2881_jpg.rf.ceb1c9a3e08931040b2a321b70ba03fb.jpg,0,0.09576391412469029,High
2884_jpg.rf.6e1fc048ccc5af32ee622eece72d18b7.jpg,0,0.021884565914922695,Medium
2884_jpg.rf.6e1fc048ccc5af32ee622eece72d18b7.jpg,0,0.015197206030716219,Medium
2904_jpg.rf.cbc4872603a5087d632f8ae70af6dfe9.jpg,0,0.038564427943310164,High
2904_jpg.rf.cbc4872603a5087d632f8ae70af6dfe9.jpg,0,0.03320265815326982,High
291_jpg.rf.b4e6bf6837ad838e6a472cc4ca881fae.jpg,1,0.0615838209158075,High
291_jpg.rf.b4e6bf6837ad838e6a472cc4ca881fae.jpg,1,0.06362426329827583,High
2943_jpg.rf.5aac81a0a865f53224c18379f6e77e18.jpg,0,0.06484280548681287,High
2943_jpg.rf.5aac81a0a865f53224c18379f6e77e18.jpg,0,0.06332057755554375,High
2946_jpg.rf.855119c7ea912804400e339a720afcc0.jpg,0,0.06789073866102704,High
2946_jpg.rf.855119c7ea912804400e339a720afcc0.jpg,0,0.07108650017555128,High
2959_jpg.rf.b55f5b153b86ea97190b4955ff1568c2.jpg,0,0.0887810235842339,High
2959_jpg.rf.b55f5b153b86ea97190b4955ff1568c2.jpg,0,0.09069862288066659,High
2968_jpg.rf.a0cb25df31fb4976b1f3e4cefd4c99f0.jpg,0,0.0437737770942242,High
2968_jpg.rf.a0cb25df31fb4976b1f3e4cefd4c99f0.jpg,0,0.043353680359370664,High
296_jpg.rf.bd6b78269ecccd92cfa32e2ee286c0ec.jpg,1,0.029034212858330674,High
296_jpg.rf.bd6b78269ecccd92cfa32e2ee286c0ec.jpg,1,0.028469406119240738,High
2986_jpg.rf.dbda892491521eb209234b34bccdcdb0.jpg,0,0.1136850757550918,High
2986_jpg.rf.dbda892491521eb209234b34bccdcdb0.jpg,0,0.11383220565910208,High
3017_jpg.rf.15692bfdec45e2e34f8b1a602b33268d.jpg,0,0.1825897667077328,High
3017_jpg.rf.15692bfdec45e2e34f8b1a602b33268d.jpg,0,0.17889672415331423,High
3026_jpg.rf.d56624b1c71fe8a9a2c9226cde44fa4b.jpg,0,0.05302175481578994,High
3026_jpg.rf.d56624b1c71fe8a9a2c9226cde44fa4b.jpg,0,0.0553851578091631,High
3027_jpg.rf.e87302cfca0a8ecf8370bfa39b8c47a3.jpg,0,0.06542835891848782,High
3027_jpg.rf.e87302cfca0a8ecf8370bfa39b8c47a3.jpg,0,0.04607392670996321,High
3027_jpg.rf.e87302cfca0a8ecf8370bfa39b8c47a3.jpg,0,0.0701539212146697,High
3027_jpg.rf.e87302cfca0a8ecf8370bfa39b8c47a3.jpg,0,0.04714675655250946,High
3037_jpg.rf.47e86b095266f90f6a5225e2c34db661.jpg,0,0.027962578872392625,Medium
3037_jpg.rf.47e86b095266f90f6a5225e2c34db661.jpg,0,0.028038846208357764,High
3042_jpg.rf.8e9abeea8293c539d7b839b728e90785.jpg,0,0.13701308668530873,High
3042_jpg.rf.8e9abeea8293c539d7b839b728e90785.jpg,0,0.04396908427003009,High
3042_jpg.rf.8e9abeea8293c539d7b839b728e90785.jpg,0,0.14028132694820447,High
3042_jpg.rf.8e9abeea8293c539d7b839b728e90785.jpg,0,0.044285635405279855,High
3045_jpg.rf.6a1e02d25dee2159b3ff4a58214dcf3c.jpg,0,0.06901894777270222,High
3045_jpg.rf.6a1e02d25dee2159b3ff4a58214dcf3c.jpg,0,0.07002949283731286,High
3063_jpg.rf.e73677893aa50fb44107a9c04faf30af.jpg,1,0.01713804850931131,Medium
3063_jpg.rf.e73677893aa50fb44107a9c04faf30af.jpg,1,0.01951506234791563,Medium
309_jpg.rf.33785c14232d6ede3876d09968debfac.jpg,1,0.05641926772042172,High
309_jpg.rf.33785c14232d6ede3876d09968debfac.jpg,1,0.05481714710223326,High
30_jpg.rf.ed67030833ab55428267e6f9c38cc730.jpg,1,0.045806753893103645,High
30_jpg.rf.ed67030833ab55428267e6f9c38cc730.jpg,1,0.043103642120958026,High
310_jpg.rf.21049e990cc91dafed2cc8ea4256ad3d.jpg,1,0.030329528854495445,High
310_jpg.rf.21049e990cc91dafed2cc8ea4256ad3d.jpg,1,0.03432691563431904,High
316_jpg.rf.20eb15dddad6b4cab879dce543ddecef.jpg,1,0.046686480900060924,High
316_jpg.rf.20eb15dddad6b4cab879dce543ddecef.jpg,1,0.04427459998653887,High
335_jpg.rf.0f1f7f6141300c3424d5a15f4d019102.jpg,1,0.016129253970755764,Medium
335_jpg.rf.0f1f7f6141300c3424d5a15f4d019102.jpg,1,0.012321248691198789,Medium
336_jpg.rf.b9fdfe6fd7dd25f5b3d08552d4592989.jpg,1,0.046737931462252774,High
336_jpg.rf.b9fdfe6fd7dd25f5b3d08552d4592989.jpg,1,0.042259414909219285,High
341_jpg.rf.8b912d015591484f95a1f7d21a7305ca.jpg,1,0.03222264979566948,High
341_jpg.rf.8b912d015591484f95a1f7d21a7305ca.jpg,1,0.030161879447183383,High
38_jpg.rf.1a9b0715faf5528bc2070c2b8e786241.jpg,2,0.035022090501472584,High
38_jpg.rf.1a9b0715faf5528bc2070c2b8e786241.jpg,2,0.033474796329319004,High
417_jpg.rf.53f1304f03553ff59bc45005589f6d35.jpg,1,0.012566477056488515,Medium
417_jpg.rf.53f1304f03553ff59bc45005589f6d35.jpg,1,0.012213412975583555,Medium
424_jpg.rf.67077f54759c004780327d905c6f10f4.jpg,1,0.08269446672972172,High
424_jpg.rf.67077f54759c004780327d905c6f10f4.jpg,1,0.0815337322805693,High
431_jpg.rf.bc347f3a6882c2727fda056a6edebc0b.jpg,1,0.022615785581484776,Medium
431_jpg.rf.bc347f3a6882c2727fda056a6edebc0b.jpg,1,0.020712685522374014,Medium
432_jpg.rf.bc7547878a2db743dcad32ac1315c1e9.jpg,1,0.02234210946450085,Medium
432_jpg.rf.bc7547878a2db743dcad32ac1315c1e9.jpg,1,0.016797341624825025,Medium
438_jpg.rf.521fb2dc8f1a3bedab5cbb45e4a643cb.jpg,1,0.055003885062426,High
438_jpg.rf.521fb2dc8f1a3bedab5cbb45e4a643cb.jpg,1,0.05364044526928747,High
445_jpg.rf.9a81d2a3a01aa42d480b9c770cc6ac11.jpg,1,0.10665763809026552,High
445_jpg.rf.9a81d2a3a01aa42d480b9c770cc6ac11.jpg,1,0.10294009157613668,High
465_jpg.rf.6ddd8f1d917d646e007619c524044539.jpg,1,0.04587435460629502,High
465_jpg.rf.6ddd8f1d917d646e007619c524044539.jpg,1,0.04413174788584827,High
470_jpg.rf.920bf9910223bd311fdc7a820da29198.jpg,1,0.015400102746634278,Medium
470_jpg.rf.920bf9910223bd311fdc7a820da29198.jpg,1,0.016688911627254915,Medium
476_jpg.rf.106a9acc3adb30e53d3259525d81d06d.jpg,1,0.011387010689496008,Low
476_jpg.rf.106a9acc3adb30e53d3259525d81d06d.jpg,1,0.00732596263592279,Low
47_jpg.rf.ef7e1e5d6276a7912d01d00f93566ddc.jpg,1,0.052869489241497813,High
47_jpg.rf.ef7e1e5d6276a7912d01d00f93566ddc.jpg,1,0.05426657035530912,High
486_jpg.rf.c031eb647132ccbdff6e916399c5a73a.jpg,1,0.03447268116378154,High
486_jpg.rf.c031eb647132ccbdff6e916399c5a73a.jpg,1,0.03858439258373344,High
487_jpg.rf.08f80ae5b6c4f3c3c40cb3ca1188bcdf.jpg,1,0.032124118428257874,High
487_jpg.rf.08f80ae5b6c4f3c3c40cb3ca1188bcdf.jpg,1,0.03195112533626605,High
544_jpg.rf.2573c6038397efa16c2dce4e77ddaed8.jpg,1,0.06351916991278894,High
544_jpg.rf.2573c6038397efa16c2dce4e77ddaed8.jpg,1,0.07182960106888112,High
554_jpg.rf.a4b4fccd77171929d3c2261aceb237b6.jpg,1,0.022919193269798344,Medium
554_jpg.rf.a4b4fccd77171929d3c2261aceb237b6.jpg,1,0.021421441477621088,Medium
561_jpg.rf.eba670f92c723927bb240762950ea480.jpg,1,0.12203555916255569,High
561_jpg.rf.eba670f92c723927bb240762950ea480.jpg,1,0.12291161425302306,High
567_jpg.rf.d73c7f303d552e7bd554da617ebdf9e8.jpg,1,0.0800576524913192,High
567_jpg.rf.d73c7f303d552e7bd554da617ebdf9e8.jpg,1,0.0826681356597698,High
571_jpg.rf.ed65129e8c11ba5cc4761d5fbee49eff.jpg,1,0.015236236536849988,Medium
571_jpg.rf.ed65129e8c11ba5cc4761d5fbee49eff.jpg,1,0.01513809848410585,Medium
58_jpg.rf.f3c516fd23aa8c8c65025dc08285ef2d.jpg,2,0.010185263305923599,Low
58_jpg.rf.f3c516fd23aa8c8c65025dc08285ef2d.jpg,2,0.01085529288532147,Low
593_jpg.rf.c2654f680d2f411dc9d641205a53efeb.jpg,1,0.0341724649268182,High
593_jpg.rf.c2654f680d2f411dc9d641205a53efeb.jpg,1,0.03557614003411945,High
602_jpg.rf.bbb51d078837e053c54dac0180c2913f.jpg,1,0.04738148954962215,High
602_jpg.rf.bbb51d078837e053c54dac0180c2913f.jpg,1,0.04835523020123962,High
642_jpg.rf.cc90bba88783a1c75acd289a80b52f90.jpg,1,0.02031050977166762,Medium
642_jpg.rf.cc90bba88783a1c75acd289a80b52f90.jpg,1,0.022481671815076258,Medium
646_jpg.rf.518b0b892840ea6e76c2574add0b94b6.jpg,1,0.06991127138575397,High
646_jpg.rf.518b0b892840ea6e76c2574add0b94b6.jpg,1,0.06282062617773644,High
663_jpg.rf.317c1dda38684f7a28865be102d29686.jpg,1,0.05604254297023857,High
663_jpg.rf.317c1dda38684f7a28865be102d29686.jpg,1,0.05578020128562381,High
676_jpg.rf.95b480131f4317ee0cd620bf95c03a3c.jpg,1,0.054205375205782946,High
676_jpg.rf.95b480131f4317ee0cd620bf95c03a3c.jpg,1,0.05742146789138392,High
687_jpg.rf.f7a2ace2eee43bb38782f1c7f5724db2.jpg,1,0.024759682526718868,Medium
687_jpg.rf.f7a2ace2eee43bb38782f1c7f5724db2.jpg,1,0.022632772160094194,Medium
68_jpg.rf.41f015e4f5a5ef1b98a9039274441ad2.jpg,1,0.043109333727693905,High
68_jpg.rf.41f015e4f5a5ef1b98a9039274441ad2.jpg,1,0.02896229818636483,High
68_jpg.rf.41f015e4f5a5ef1b98a9039274441ad2.jpg,1,0.044142411196273657,High
68_jpg.rf.41f015e4f5a5ef1b98a9039274441ad2.jpg,1,0.03285652117443705,High
698_jpg.rf.af76ea240b910e3f4c102cfa29573fee.jpg,1,0.08107008834606788,High
698_jpg.rf.af76ea240b910e3f4c102cfa29573fee.jpg,1,0.08211443189769092,High
708_jpg.rf.130a968bfb0e6bee44e0e5eaade988ed.jpg,1,0.09685212173932703,High
708_jpg.rf.130a968bfb0e6bee44e0e5eaade988ed.jpg,1,0.0983153886029591,High
710_jpg.rf.4d5f1b36c6ad7a638cc7bbefe7df8866.jpg,2,0.02277556286621532,Medium
710_jpg.rf.4d5f1b36c6ad7a638cc7bbefe7df8866.jpg,2,0.02638984280652887,Medium
729_jpg.rf.8b38a672084b1a657486ea01112caecd.jpg,0,0.03074781165204858,High
729_jpg.rf.8b38a672084b1a657486ea01112caecd.jpg,0,0.03129408713641962,High
733_jpg.rf.c4435dc9fc79ad36292d2f43f6df321c.jpg,0,0.053198923041018864,High
733_jpg.rf.c4435dc9fc79ad36292d2f43f6df321c.jpg,0,0.03552228946080294,High
733_jpg.rf.c4435dc9fc79ad36292d2f43f6df321c.jpg,0,0.052333756745396864,High
733_jpg.rf.c4435dc9fc79ad36292d2f43f6df321c.jpg,0,0.03453681897592734,High
735_jpg.rf.ed374c10732cb218d6aeb06bbdf54186.jpg,0,0.01454606285827342,Medium
735_jpg.rf.ed374c10732cb218d6aeb06bbdf54186.jpg,0,0.01351835020939987,Medium
751_jpg.rf.bc5530cedd66bcdfae038ac2e95e74c4.jpg,1,0.030604318360643524,High
751_jpg.rf.bc5530cedd66bcdfae038ac2e95e74c4.jpg,0,0.14658917790022744,High
751_jpg.rf.bc5530cedd66bcdfae038ac2e95e74c4.jpg,1,0.029626224685870416,High
751_jpg.rf.bc5530cedd66bcdfae038ac2e95e74c4.jpg,0,0.14509525887299735,High
760_jpg.rf.7d3b238103bbe1475d46b1a8783d81af.jpg,1,0.010526401270058182,Low
760_jpg.rf.7d3b238103bbe1475d46b1a8783d81af.jpg,1,0.014893912749818076,Medium
765_jpg.rf.817a8ef020ebc50692ce0d67b206c2f7.jpg,0,0.03349415436014043,High
765_jpg.rf.817a8ef020ebc50692ce0d67b206c2f7.jpg,0,0.03168399262239852,High
780_jpg.rf.cd01e21d78007e5b08a240b7d67e259d.jpg,0,0.009276023378091127,Low
780_jpg.rf.cd01e21d78007e5b08a240b7d67e259d.jpg,0,0.09136288709130211,High
780_jpg.rf.cd01e21d78007e5b08a240b7d67e259d.jpg,0,0.007083498858219739,Low
780_jpg.rf.cd01e21d78007e5b08a240b7d67e259d.jpg,0,0.09176721976365265,High
79_jpg.rf.998f0f6bcbdf528473cdbbba4a1482d3.jpg,1,0.024186453375629156,Medium
79_jpg.rf.998f0f6bcbdf528473cdbbba4a1482d3.jpg,1,0.021478834152299644,Medium
80_jpg.rf.4a8a52c5f37e21d3d6f0ac79871a9f16.jpg,1,0.05988878574255162,High
80_jpg.rf.4a8a52c5f37e21d3d6f0ac79871a9f16.jpg,1,0.060788750223572725,High
814_jpg.rf.4e0728ca5f9993e528087a0124e72fae.jpg,0,0.10956602677925731,High
814_jpg.rf.4e0728ca5f9993e528087a0124e72fae.jpg,0,0.10805640124202964,High
819_jpg.rf.d0c38d30b8ac128257535a1509103e86.jpg,0,0.028143041144666533,High
819_jpg.rf.d0c38d30b8ac128257535a1509103e86.jpg,0,0.03346519335523966,High
834_jpg.rf.2ee5f522f97e358e3bb6f3c7ec12f143.jpg,0,0.07264012054778315,High
834_jpg.rf.2ee5f522f97e358e3bb6f3c7ec12f143.jpg,0,0.07595653903911105,High
83_jpg.rf.8a8638c8d0cb21d172032172260d1453.jpg,1,0.1430511981880313,High
83_jpg.rf.8a8638c8d0cb21d172032172260d1453.jpg,1,0.13936151618400497,High
847_jpg.rf.2dc346a6966f354e814f5a44aad76850.jpg,0,0.034954418347694735,High
847_jpg.rf.2dc346a6966f354e814f5a44aad76850.jpg,0,0.037603472105278646,High
851_jpg.rf.2eca43fe592d92eb4bc1a7afacbd0072.jpg,0,0.02200940078169766,Medium
851_jpg.rf.2eca43fe592d92eb4bc1a7afacbd0072.jpg,0,0.023344127754720723,Medium
900_jpg.rf.70fdbdeca5b71e51595bd918985f600e.jpg,0,0.16969413350542675,High
900_jpg.rf.70fdbdeca5b71e51595bd918985f600e.jpg,0,0.1674974500686944,High
916_jpg.rf.a00683f3f153d2e361a9867caa9ce6bb.jpg,0,0.12285535690351813,High
916_jpg.rf.a00683f3f153d2e361a9867caa9ce6bb.jpg,0,0.12884800527837162,High
917_jpg.rf.7568a738ce7a4b465334c64cf3abb21d.jpg,0,0.13412510282626883,High
917_jpg.rf.7568a738ce7a4b465334c64cf3abb21d.jpg,0,0.13321293431074727,High
918_jpg.rf.92c25602c2447e0f02ca9050b78d7bce.jpg,2,0.01635574297956409,Medium
918_jpg.rf.92c25602c2447e0f02ca9050b78d7bce.jpg,2,0.02227494452194062,Medium
921_jpg.rf.5b8b6aeacbdec995344cff66160dee07.jpg,2,0.009135965581184964,Low
921_jpg.rf.5b8b6aeacbdec995344cff66160dee07.jpg,2,0.01706486931393836,Medium
921_jpg.rf.5b8b6aeacbdec995344cff66160dee07.jpg,2,0.006844986026053726,Low
921_jpg.rf.5b8b6aeacbdec995344cff66160dee07.jpg,2,0.021148553476046637,Medium
932_jpg.rf.708e79286bfe559dbba4f3a2c4e2f568.jpg,2,0.006843339186834589,Low
932_jpg.rf.708e79286bfe559dbba4f3a2c4e2f568.jpg,2,0.008152612820753129,Low
937_jpg.rf.f1aeff71adf047fc3774da3706a9c18d.jpg,2,0.03484201619632088,High
937_jpg.rf.f1aeff71adf047fc3774da3706a9c18d.jpg,2,0.031961733751917014,High
940_jpg.rf.b20d2f1451241d70bbbc6f6599180f2e.jpg,2,0.02363688039007948,Medium
940_jpg.rf.b20d2f1451241d70bbbc6f6599180f2e.jpg,2,0.021257357680369147,Medium
956_jpg.rf.98844fd6cb49702609e2f9414dc68649.jpg,2,0.015419343032003138,Medium
956_jpg.rf.98844fd6cb49702609e2f9414dc68649.jpg,2,0.012061207471155092,Medium
964_jpg.rf.7ce0bb422c279b80d38fbe1b4d46dabf.jpg,2,0.017678239985619012,Medium
964_jpg.rf.7ce0bb422c279b80d38fbe1b4d46dabf.jpg,2,0.012679681219756368,Medium
979_jpg.rf.8fad468a4755ad718f4a8b8b6893535c.jpg,2,0.02872502302561539,High
979_jpg.rf.8fad468a4755ad718f4a8b8b6893535c.jpg,2,0.026310147086098565,Medium
